_id,BatchFileName,Indiv_Index,ConductedEnergyWeapon_CartridgeProbe_CartridgeProbeCycles_Cyc
1,931589034,1,Single Cycle (5 seconds)
2,865654144,1,Single Cycle (5 seconds)
3,213372872,1,Single Cycle (5 seconds)
4,939537346,1,Single Cycle (5 seconds)
5,418182568,1,Single Cycle (5 seconds)
6,299601154,1,Single Cycle (5 seconds)
7,709049767,1,Single Cycle (5 seconds)
8,120522457,1,Single Cycle (5 seconds)
9,374636783,1,Extended Cycle (more than 5 seconds)
10,782319505,1,Single Cycle (5 seconds)
11,607847322,1,Single Cycle (5 seconds)
12,390849972,1,Extended Cycle (more than 5 seconds)
13,975069934,1,Single Cycle (5 seconds)
14,819649184,1,Single Cycle (5 seconds)
15,951473173,1,Single Cycle (5 seconds)
16,975141418,1,Single Cycle (5 seconds)
17,975141418,1,Extended Cycle (more than 5 seconds)
18,353609312,1,Multiple Cycles
19,735347592,1,Single Cycle (5 seconds)
20,440897985,1,Single Cycle (5 seconds)
21,564233641,1,Multiple Cycles
22,431709940,1,Single Cycle (5 seconds)
23,531374050,1,Single Cycle (5 seconds)
24,362713843,1,Single Cycle (5 seconds)
25,671111674,1,Single Cycle (5 seconds)
26,635753470,1,Single Cycle (5 seconds)
27,840677078,1,Single Cycle (5 seconds)
28,639552540,1,Single Cycle (5 seconds)
29,371453600,1,Single Cycle (5 seconds)
30,192114302,1,Single Cycle (5 seconds)
31,669542330,1,Single Cycle (5 seconds)
32,198724058,1,Single Cycle (5 seconds)
33,985646253,2,Single Cycle (5 seconds)
34,969854684,1,Multiple Cycles
35,621261841,1,Extended Cycle (more than 5 seconds)
36,635698103,1,Extended Cycle (more than 5 seconds)
37,162723180,1,Single Cycle (5 seconds)
38,475111630,1,Extended Cycle (more than 5 seconds)
39,434126130,1,Single Cycle (5 seconds)
40,550087882,1,Single Cycle (5 seconds)
41,781334850,1,Single Cycle (5 seconds)
42,936933115,1,Single Cycle (5 seconds)
43,453824963,1,Extended Cycle (more than 5 seconds)
44,659206263,1,Multiple Cycles
45,873643800,1,Single Cycle (5 seconds)
46,738828244,1,Single Cycle (5 seconds)
47,435785379,1,Multiple Cycles
48,529616637,1,Multiple Cycles
49,532369427,1,Single Cycle (5 seconds)
50,611218655,1,Single Cycle (5 seconds)
51,237890821,1,Single Cycle (5 seconds)
52,955651626,1,Single Cycle (5 seconds)
53,724915324,1,Single Cycle (5 seconds)
54,891565886,1,Single Cycle (5 seconds)
55,165701522,1,Single Cycle (5 seconds)
56,808397494,1,Single Cycle (5 seconds)
57,722508247,1,Single Cycle (5 seconds)
58,548379103,1,Single Cycle (5 seconds)
59,263335255,1,Single Cycle (5 seconds)
60,189356180,1,Single Cycle (5 seconds)
61,735991810,1,Single Cycle (5 seconds)
62,912310041,1,Single Cycle (5 seconds)
63,823934920,1,Single Cycle (5 seconds)
64,541958361,1,Single Cycle (5 seconds)
65,470439237,1,Single Cycle (5 seconds)
66,234956736,1,Single Cycle (5 seconds)
67,272741423,1,Single Cycle (5 seconds)
68,809419242,1,Single Cycle (5 seconds)
69,175962468,1,Single Cycle (5 seconds)
70,471554721,1,Single Cycle (5 seconds)
71,750720082,1,Multiple Cycles
72,479264133,1,Multiple Cycles
73,213561889,1,Single Cycle (5 seconds)
74,897846409,1,Single Cycle (5 seconds)
75,616515906,1,Multiple Cycles
76,787289866,1,Multiple Cycles
77,420435394,1,Multiple Cycles
78,867448856,1,Single Cycle (5 seconds)
79,375016420,1,Single Cycle (5 seconds)
80,113275399,1,Single Cycle (5 seconds)
81,643452295,1,Extended Cycle (more than 5 seconds)
82,847848064,1,Extended Cycle (more than 5 seconds)
83,303718248,1,Single Cycle (5 seconds)
84,743999778,1,Single Cycle (5 seconds)
85,550820591,1,Single Cycle (5 seconds)
86,182718912,1,Single Cycle (5 seconds)
87,245483301,1,Multiple Cycles
88,711856077,1,Multiple Cycles
89,567077414,1,Single Cycle (5 seconds)
90,411039497,1,Single Cycle (5 seconds)
91,507135555,1,Single Cycle (5 seconds)
92,492778388,1,Single Cycle (5 seconds)
93,706726796,1,Single Cycle (5 seconds)
94,444863581,1,Single Cycle (5 seconds)
95,878279077,1,Multiple Cycles
96,953461663,1,Single Cycle (5 seconds)
97,765613984,1,Single Cycle (5 seconds)
98,936259609,1,Single Cycle (5 seconds)
99,270728590,1,Single Cycle (5 seconds)
100,781870651,1,Single Cycle (5 seconds)
101,933522788,1,Multiple Cycles
102,348989793,1,Multiple Cycles
103,688630656,1,Single Cycle (5 seconds)
104,901056896,1,Single Cycle (5 seconds)
105,801661506,1,Single Cycle (5 seconds)
106,523389565,1,Single Cycle (5 seconds)
107,747865229,1,Single Cycle (5 seconds)
108,579566151,1,Single Cycle (5 seconds)
109,703880414,1,Single Cycle (5 seconds)
110,629058967,1,Single Cycle (5 seconds)
111,508359587,1,Single Cycle (5 seconds)
112,483960113,1,Single Cycle (5 seconds)
113,828503764,1,Single Cycle (5 seconds)
114,133230323,1,Extended Cycle (more than 5 seconds)
115,894055612,1,Single Cycle (5 seconds)
116,375119151,1,Single Cycle (5 seconds)
117,157027848,1,Single Cycle (5 seconds)
118,276452255,1,Single Cycle (5 seconds)
119,962122294,1,Multiple Cycles
120,371339273,1,Single Cycle (5 seconds)
121,574555539,1,Single Cycle (5 seconds)
122,373829134,1,Single Cycle (5 seconds)
123,386255174,1,Multiple Cycles
124,697763301,1,Multiple Cycles
125,453511131,1,Extended Cycle (more than 5 seconds)
126,395158791,1,Single Cycle (5 seconds)
127,504616828,1,Single Cycle (5 seconds)
128,427799735,1,Single Cycle (5 seconds)
129,430412421,1,Single Cycle (5 seconds)
130,629538512,1,Extended Cycle (more than 5 seconds)
131,538939996,1,Single Cycle (5 seconds)
132,745207585,1,Single Cycle (5 seconds)
133,806176426,1,Single Cycle (5 seconds)
134,660642640,1,Multiple Cycles
135,357118729,1,Single Cycle (5 seconds)
136,130633428,1,Single Cycle (5 seconds)
137,380718317,1,Single Cycle (5 seconds)
138,326538369,1,Single Cycle (5 seconds)
139,355252065,1,Single Cycle (5 seconds)
140,828083683,1,Multiple Cycles
141,845173022,1,Extended Cycle (more than 5 seconds)
142,614597838,1,Single Cycle (5 seconds)
143,614597838,1,Extended Cycle (more than 5 seconds)
144,563609203,1,Single Cycle (5 seconds)
145,579609379,1,Single Cycle (5 seconds)
146,579609379,1,Extended Cycle (more than 5 seconds)
147,988246483,1,Single Cycle (5 seconds)
148,443690357,1,Single Cycle (5 seconds)
149,391444710,1,Single Cycle (5 seconds)
150,824421015,1,Single Cycle (5 seconds)
151,274264879,1,Single Cycle (5 seconds)
152,566229812,1,Single Cycle (5 seconds)
153,566229812,1,Extended Cycle (more than 5 seconds)
154,479624013,1,Extended Cycle (more than 5 seconds)
155,607397845,1,Single Cycle (5 seconds)
156,379398969,1,Single Cycle (5 seconds)
157,491046740,1,Extended Cycle (more than 5 seconds)
158,495518066,1,Extended Cycle (more than 5 seconds)
159,266758576,1,Single Cycle (5 seconds)
160,381844091,1,Single Cycle (5 seconds)
161,438380308,1,Single Cycle (5 seconds)
162,320357713,1,Single Cycle (5 seconds)
163,837355370,1,Single Cycle (5 seconds)
164,809418139,1,Multiple Cycles
165,446272881,1,Multiple Cycles
166,998412072,1,Single Cycle (5 seconds)
167,310810992,1,Single Cycle (5 seconds)
168,310810992,1,Multiple Cycles
169,837573854,1,Single Cycle (5 seconds)
170,339613855,1,Single Cycle (5 seconds)
171,810576734,1,Single Cycle (5 seconds)
172,832512153,1,Multiple Cycles
173,824343983,1,Single Cycle (5 seconds)
174,173823597,1,Single Cycle (5 seconds)
175,468622197,1,Single Cycle (5 seconds)
176,427127339,1,Single Cycle (5 seconds)
177,132646327,1,Multiple Cycles
178,249350875,1,Multiple Cycles
179,278384494,1,Single Cycle (5 seconds)
180,811046738,1,Single Cycle (5 seconds)
181,293306842,1,Multiple Cycles
182,183104018,1,Single Cycle (5 seconds)
183,183104018,1,Multiple Cycles
184,483367720,1,Single Cycle (5 seconds)
185,483002199,1,Extended Cycle (more than 5 seconds)
186,509277602,1,Single Cycle (5 seconds)
187,783857483,1,Single Cycle (5 seconds)
188,624090651,1,Single Cycle (5 seconds)
189,844634155,1,Single Cycle (5 seconds)
190,210219794,1,Extended Cycle (more than 5 seconds)
191,621222220,1,Single Cycle (5 seconds)
192,249837744,1,Single Cycle (5 seconds)
193,885618456,1,Multiple Cycles
194,646208032,1,Single Cycle (5 seconds)
195,839381316,1,Single Cycle (5 seconds)
196,906757924,1,Extended Cycle (more than 5 seconds)
197,629699793,1,Single Cycle (5 seconds)
198,757460014,1,Multiple Cycles
199,314148342,1,Single Cycle (5 seconds)
200,995036311,1,Single Cycle (5 seconds)
201,995036311,1,Multiple Cycles
202,766024683,1,Single Cycle (5 seconds)
203,559486562,1,Single Cycle (5 seconds)
204,327971400,1,Single Cycle (5 seconds)
205,569722125,1,Single Cycle (5 seconds)
206,199292808,1,Single Cycle (5 seconds)
207,249967660,1,Single Cycle (5 seconds)
208,697214729,1,Single Cycle (5 seconds)
209,805983175,1,Single Cycle (5 seconds)
210,809544686,1,Multiple Cycles
211,485541385,1,Single Cycle (5 seconds)
212,153939955,1,Single Cycle (5 seconds)
213,160364041,1,Single Cycle (5 seconds)
214,780487571,1,Single Cycle (5 seconds)
215,540353292,1,Single Cycle (5 seconds)
216,865669863,1,Single Cycle (5 seconds)
217,145204587,1,Multiple Cycles
218,335773828,1,Single Cycle (5 seconds)
219,434935515,1,Multiple Cycles
220,553347620,1,Extended Cycle (more than 5 seconds)
221,538631999,1,Single Cycle (5 seconds)
222,442886315,1,Single Cycle (5 seconds)
223,577169348,1,Single Cycle (5 seconds)
224,137804540,1,Single Cycle (5 seconds)
225,820437407,1,Single Cycle (5 seconds)
226,820437407,1,Multiple Cycles
227,857954763,1,Multiple Cycles
228,957179895,1,Single Cycle (5 seconds)
229,489878143,1,Single Cycle (5 seconds)
230,698798495,1,Single Cycle (5 seconds)
231,698798495,1,Multiple Cycles
232,451916155,1,Multiple Cycles
233,180932213,1,Single Cycle (5 seconds)
234,697129115,1,Single Cycle (5 seconds)
235,147016845,1,Single Cycle (5 seconds)
236,766270897,1,Single Cycle (5 seconds)
237,812060875,1,Single Cycle (5 seconds)
238,396495323,1,Single Cycle (5 seconds)
239,384749405,1,Single Cycle (5 seconds)
240,513839931,1,Single Cycle (5 seconds)
241,267895580,1,Single Cycle (5 seconds)
242,143997642,1,Single Cycle (5 seconds)
243,826267052,1,Multiple Cycles
244,959096217,1,Single Cycle (5 seconds)
245,163584256,1,Single Cycle (5 seconds)
246,334243341,1,Single Cycle (5 seconds)
247,854197108,1,Single Cycle (5 seconds)
248,138693738,1,Multiple Cycles
249,224201152,1,Single Cycle (5 seconds)
250,168892897,1,Multiple Cycles
251,539191932,1,Single Cycle (5 seconds)
252,467643383,1,Single Cycle (5 seconds)
253,787641719,1,Single Cycle (5 seconds)
254,280008829,1,Extended Cycle (more than 5 seconds)
255,658178818,1,Single Cycle (5 seconds)
256,475027876,1,Single Cycle (5 seconds)
257,251039079,1,Multiple Cycles
258,514678410,1,Single Cycle (5 seconds)
259,335745119,1,Single Cycle (5 seconds)
260,923820939,1,Single Cycle (5 seconds)
261,699777334,1,Single Cycle (5 seconds)
262,750584976,1,Extended Cycle (more than 5 seconds)
263,513287815,1,Single Cycle (5 seconds)
264,651643561,1,Single Cycle (5 seconds)
265,642673207,1,Single Cycle (5 seconds)
266,733936577,1,Single Cycle (5 seconds)
267,449834209,1,Single Cycle (5 seconds)
268,449834209,1,Multiple Cycles
269,106994662,1,Single Cycle (5 seconds)
270,192201756,1,Single Cycle (5 seconds)
271,281914103,1,Single Cycle (5 seconds)
272,281914103,1,Multiple Cycles
273,623965184,1,Single Cycle (5 seconds)
274,827006471,1,Single Cycle (5 seconds)
275,707037726,1,Single Cycle (5 seconds)
276,212960672,1,Single Cycle (5 seconds)
277,705726662,1,Single Cycle (5 seconds)
278,748743273,1,Single Cycle (5 seconds)
279,554809346,1,Multiple Cycles
280,796143278,1,Single Cycle (5 seconds)
281,621082238,1,Single Cycle (5 seconds)
282,621082238,1,Multiple Cycles
283,415077050,1,Single Cycle (5 seconds)
284,769835901,1,Multiple Cycles
285,885673000,1,Single Cycle (5 seconds)
286,700372898,1,Single Cycle (5 seconds)
287,849067418,1,Single Cycle (5 seconds)
288,849067418,1,Multiple Cycles
289,257448100,1,Single Cycle (5 seconds)
290,340273639,1,Single Cycle (5 seconds)
291,960151611,1,Single Cycle (5 seconds)
292,566583666,1,Single Cycle (5 seconds)
293,993681493,1,Single Cycle (5 seconds)
294,994108147,1,Multiple Cycles
295,804300427,1,Single Cycle (5 seconds)
296,867825620,1,Single Cycle (5 seconds)
297,786303056,1,Single Cycle (5 seconds)
298,500527120,1,Single Cycle (5 seconds)
299,345212201,1,Multiple Cycles
300,565163185,1,Single Cycle (5 seconds)
301,565163185,1,Extended Cycle (more than 5 seconds)
302,483369572,1,Single Cycle (5 seconds)
303,383174119,1,Single Cycle (5 seconds)
304,144489383,1,Single Cycle (5 seconds)
305,704548392,1,Single Cycle (5 seconds)
306,704548392,1,Multiple Cycles
307,258582512,1,Single Cycle (5 seconds)
308,258582512,1,Multiple Cycles
309,384112392,1,Extended Cycle (more than 5 seconds)
310,423443259,1,Single Cycle (5 seconds)
311,751091844,1,Single Cycle (5 seconds)
312,747167869,1,Extended Cycle (more than 5 seconds)
313,739751637,1,Single Cycle (5 seconds)
314,816204262,1,Extended Cycle (more than 5 seconds)
315,821521096,1,Extended Cycle (more than 5 seconds)
316,945166306,1,Single Cycle (5 seconds)
317,927725661,1,Single Cycle (5 seconds)
318,532087598,1,Single Cycle (5 seconds)
319,710340509,1,Single Cycle (5 seconds)
320,888716227,1,Single Cycle (5 seconds)
321,635942226,1,Single Cycle (5 seconds)
322,629352716,1,Single Cycle (5 seconds)
323,430856631,1,Single Cycle (5 seconds)
324,271139632,1,Single Cycle (5 seconds)
325,372745581,1,Single Cycle (5 seconds)
326,658976071,1,Multiple Cycles
327,383932698,2,Single Cycle (5 seconds)
328,448902803,1,Single Cycle (5 seconds)
329,562305035,1,Single Cycle (5 seconds)
330,707842657,1,Single Cycle (5 seconds)
331,767978069,1,Single Cycle (5 seconds)
332,791982224,1,Single Cycle (5 seconds)
333,116212182,1,Multiple Cycles
334,616988680,1,Single Cycle (5 seconds)
335,301273922,1,Extended Cycle (more than 5 seconds)
336,871288426,1,Single Cycle (5 seconds)
337,147100272,1,Single Cycle (5 seconds)
338,930409064,1,Single Cycle (5 seconds)
339,899526898,1,Single Cycle (5 seconds)
340,326445024,1,Single Cycle (5 seconds)
341,326445024,1,Multiple Cycles
342,236428664,1,Multiple Cycles
343,105988196,1,Multiple Cycles
344,179042634,1,Single Cycle (5 seconds)
345,179360529,1,Single Cycle (5 seconds)
346,676943437,1,Multiple Cycles
347,353303341,1,Single Cycle (5 seconds)
348,640788503,1,Extended Cycle (more than 5 seconds)
349,710391019,1,Multiple Cycles
350,156458987,1,Extended Cycle (more than 5 seconds)
351,602723979,1,Multiple Cycles
352,748600030,1,Single Cycle (5 seconds)
353,629403177,1,Extended Cycle (more than 5 seconds)
354,235323857,1,Extended Cycle (more than 5 seconds)
355,538065131,1,Single Cycle (5 seconds)
356,791605300,1,Multiple Cycles
357,498793346,1,Single Cycle (5 seconds)
358,535903592,1,Single Cycle (5 seconds)
359,535903592,2,Single Cycle (5 seconds)
360,973474608,1,Single Cycle (5 seconds)
361,650151742,1,Single Cycle (5 seconds)
362,716554024,1,Multiple Cycles
363,396651828,1,Single Cycle (5 seconds)
364,188818306,1,Single Cycle (5 seconds)
365,965551466,1,Single Cycle (5 seconds)
366,187468213,1,Single Cycle (5 seconds)
367,187468213,1,Multiple Cycles
368,990605912,1,Extended Cycle (more than 5 seconds)
369,520215140,1,Single Cycle (5 seconds)
370,757080806,1,Single Cycle (5 seconds)
371,683559998,1,Single Cycle (5 seconds)
372,526591589,1,Single Cycle (5 seconds)
373,577101676,1,Single Cycle (5 seconds)
374,380312087,1,Single Cycle (5 seconds)
375,179171009,1,Single Cycle (5 seconds)
376,253472066,1,Single Cycle (5 seconds)
377,199632438,1,Single Cycle (5 seconds)
378,235944368,1,Single Cycle (5 seconds)
379,235944368,2,Single Cycle (5 seconds)
380,208315421,1,Single Cycle (5 seconds)
381,806314333,1,Single Cycle (5 seconds)
382,806314333,2,Single Cycle (5 seconds)
383,630506323,1,Single Cycle (5 seconds)
384,872661471,1,Multiple Cycles
385,642853448,1,Single Cycle (5 seconds)
386,471002949,1,Single Cycle (5 seconds)
387,279738132,1,Multiple Cycles
388,461674463,2,Single Cycle (5 seconds)
389,461674463,2,Multiple Cycles
390,502673304,1,Multiple Cycles
391,867987822,1,Single Cycle (5 seconds)
392,273515201,1,Single Cycle (5 seconds)
393,608035608,1,Extended Cycle (more than 5 seconds)
394,475087272,1,Extended Cycle (more than 5 seconds)
395,999506920,1,Extended Cycle (more than 5 seconds)
396,202612482,1,Single Cycle (5 seconds)
397,645696083,1,Extended Cycle (more than 5 seconds)
398,649487186,1,Single Cycle (5 seconds)
399,795281448,1,Single Cycle (5 seconds)
400,119488890,1,Single Cycle (5 seconds)
401,315532417,1,Multiple Cycles
402,336974298,1,Multiple Cycles
403,880973548,1,Single Cycle (5 seconds)
404,622420462,2,Single Cycle (5 seconds)
405,622420462,2,Multiple Cycles
406,396983867,1,Single Cycle (5 seconds)
407,116295116,1,Single Cycle (5 seconds)
408,803212704,1,Single Cycle (5 seconds)
409,682660454,1,Single Cycle (5 seconds)
410,936522024,1,Single Cycle (5 seconds)
411,801771287,1,Multiple Cycles
412,713256628,1,Single Cycle (5 seconds)
413,713256628,2,Single Cycle (5 seconds)
414,953661798,1,Single Cycle (5 seconds)
415,467187589,1,Single Cycle (5 seconds)
416,393721883,1,Single Cycle (5 seconds)
417,546319084,1,Single Cycle (5 seconds)
418,803668806,1,Single Cycle (5 seconds)
419,975854153,1,Single Cycle (5 seconds)
420,108847628,1,Single Cycle (5 seconds)
421,728086369,1,Single Cycle (5 seconds)
422,884335071,1,Single Cycle (5 seconds)
423,171478908,1,Single Cycle (5 seconds)
424,807124595,1,Single Cycle (5 seconds)
425,943584208,1,Single Cycle (5 seconds)
426,315032066,1,Single Cycle (5 seconds)
427,472699828,1,Single Cycle (5 seconds)
428,330351452,1,Single Cycle (5 seconds)
429,922851170,1,Single Cycle (5 seconds)
430,880426238,1,Single Cycle (5 seconds)
431,231076906,1,Single Cycle (5 seconds)
432,864381019,1,Single Cycle (5 seconds)
433,475565310,1,Multiple Cycles
434,204202862,1,Single Cycle (5 seconds)
435,685535862,1,Single Cycle (5 seconds)
436,108955592,1,Single Cycle (5 seconds)
437,617873683,1,Single Cycle (5 seconds)
438,229716515,1,Multiple Cycles
439,178883633,1,Multiple Cycles
440,683350207,1,Multiple Cycles
441,781934038,1,Multiple Cycles
442,943728963,1,Single Cycle (5 seconds)
443,359680846,1,Single Cycle (5 seconds)
444,356477549,1,Single Cycle (5 seconds)
445,682786579,1,Multiple Cycles
446,440784153,1,Single Cycle (5 seconds)
447,474494332,1,Single Cycle (5 seconds)
448,474494332,1,Multiple Cycles
449,882079120,1,Extended Cycle (more than 5 seconds)
450,815841263,1,Single Cycle (5 seconds)
451,293327326,1,Single Cycle (5 seconds)
452,568404582,1,Single Cycle (5 seconds)
453,311161483,1,Single Cycle (5 seconds)
454,580793987,1,Multiple Cycles
455,684510566,1,Multiple Cycles
456,938821605,1,Single Cycle (5 seconds)
457,200115336,1,Multiple Cycles
458,118558014,1,Single Cycle (5 seconds)
459,617862314,1,Single Cycle (5 seconds)
460,374708606,1,Multiple Cycles
461,893932041,1,Single Cycle (5 seconds)
462,520978632,1,Single Cycle (5 seconds)
463,448892755,1,Single Cycle (5 seconds)
464,501920868,1,Multiple Cycles
465,941648406,1,Single Cycle (5 seconds)
466,941648406,1,Extended Cycle (more than 5 seconds)
467,459375953,1,Multiple Cycles
468,382745795,1,Single Cycle (5 seconds)
469,578741957,1,Missing Data
470,787808792,1,Missing Data
471,232290342,1,Single Cycle (5 seconds)
472,793681289,1,Single Cycle (5 seconds)
473,636751732,1,Single Cycle (5 seconds)
474,636751732,1,Multiple Cycles
475,750439904,1,Single Cycle (5 seconds)
476,465018574,1,Single Cycle (5 seconds)
477,824637320,1,Single Cycle (5 seconds)
478,942733138,1,Single Cycle (5 seconds)
479,920344036,1,Single Cycle (5 seconds)
480,406823460,1,Multiple Cycles
481,139104022,1,Single Cycle (5 seconds)
482,555537616,1,Single Cycle (5 seconds)
483,798596335,1,Single Cycle (5 seconds)
484,246735423,1,Single Cycle (5 seconds)
485,409146564,1,Multiple Cycles
486,321271556,1,Single Cycle (5 seconds)
487,481249476,1,Single Cycle (5 seconds)
488,481363597,1,Single Cycle (5 seconds)
489,120241561,1,Single Cycle (5 seconds)
490,688773702,1,Single Cycle (5 seconds)
491,688773702,1,Extended Cycle (more than 5 seconds)
492,595249875,1,Single Cycle (5 seconds)
493,603143257,1,Multiple Cycles
494,847713042,1,Single Cycle (5 seconds)
495,591125760,1,Single Cycle (5 seconds)
496,192171308,1,Single Cycle (5 seconds)
497,685639540,2,Single Cycle (5 seconds)
498,650534366,1,Single Cycle (5 seconds)
499,496651667,1,Single Cycle (5 seconds)
500,496651667,1,Extended Cycle (more than 5 seconds)
501,583841740,1,Single Cycle (5 seconds)
502,583841740,1,Extended Cycle (more than 5 seconds)
503,294653051,1,Single Cycle (5 seconds)
504,747487240,1,Single Cycle (5 seconds)
505,680509363,1,Single Cycle (5 seconds)
506,516002875,1,Single Cycle (5 seconds)
507,697623081,1,Multiple Cycles
508,550955015,1,Extended Cycle (more than 5 seconds)
509,900392485,1,Single Cycle (5 seconds)
510,595095016,1,Single Cycle (5 seconds)
511,646373758,1,Extended Cycle (more than 5 seconds)
512,718771360,1,Multiple Cycles
513,718771360,2,Single Cycle (5 seconds)
514,245294402,1,Single Cycle (5 seconds)
515,249391423,1,Multiple Cycles
516,162600383,1,Single Cycle (5 seconds)
517,928342642,1,Single Cycle (5 seconds)
518,184857070,1,Single Cycle (5 seconds)
519,592530027,1,Multiple Cycles
520,100159565,1,Single Cycle (5 seconds)
521,563427960,1,Single Cycle (5 seconds)
522,776648961,1,Single Cycle (5 seconds)
523,602476796,1,Single Cycle (5 seconds)
524,964401087,1,Single Cycle (5 seconds)
525,213741657,1,Multiple Cycles
526,130465006,1,Single Cycle (5 seconds)
527,654232344,1,Multiple Cycles
528,575423636,1,Single Cycle (5 seconds)
529,821897173,1,Single Cycle (5 seconds)
530,446659644,1,Multiple Cycles
531,400000804,1,Multiple Cycles
532,110788232,1,Extended Cycle (more than 5 seconds)
533,518811448,1,Single Cycle (5 seconds)
534,496390116,1,Extended Cycle (more than 5 seconds)
535,442281279,1,Single Cycle (5 seconds)
536,933002634,1,Single Cycle (5 seconds)
537,121207113,1,Single Cycle (5 seconds)
538,819116483,1,Single Cycle (5 seconds)
539,141765481,1,Single Cycle (5 seconds)
540,130982020,1,Single Cycle (5 seconds)
541,372410460,1,Single Cycle (5 seconds)
542,762489613,1,Multiple Cycles
543,857298060,1,Single Cycle (5 seconds)
544,451100609,1,Single Cycle (5 seconds)
545,451100609,1,Multiple Cycles
546,400203400,1,Single Cycle (5 seconds)
547,728878273,1,Single Cycle (5 seconds)
548,728878273,1,Multiple Cycles
549,670674648,1,Single Cycle (5 seconds)
550,642104279,1,Single Cycle (5 seconds)
551,816508709,1,Single Cycle (5 seconds)
552,948635842,1,Extended Cycle (more than 5 seconds)
553,834619198,1,Extended Cycle (more than 5 seconds)
554,570526586,1,Single Cycle (5 seconds)
555,876884980,1,Multiple Cycles
556,214256038,1,Extended Cycle (more than 5 seconds)
557,280323184,1,Single Cycle (5 seconds)
558,191057044,1,Single Cycle (5 seconds)
559,778212042,1,Extended Cycle (more than 5 seconds)
560,369800554,1,Single Cycle (5 seconds)
561,162239207,1,Extended Cycle (more than 5 seconds)
562,147360952,1,Single Cycle (5 seconds)
563,793349720,1,Single Cycle (5 seconds)
564,460952013,1,Single Cycle (5 seconds)
565,367672055,1,Single Cycle (5 seconds)
566,514683238,1,Single Cycle (5 seconds)
567,169717478,1,Multiple Cycles
568,971800593,1,Single Cycle (5 seconds)
569,417430123,1,Single Cycle (5 seconds)
570,202390288,1,Multiple Cycles
571,514874090,1,Multiple Cycles
572,693860747,1,Single Cycle (5 seconds)
573,954129945,1,Extended Cycle (more than 5 seconds)
574,218583978,1,Single Cycle (5 seconds)
575,536268713,1,Single Cycle (5 seconds)
576,640810637,1,Extended Cycle (more than 5 seconds)
577,348980972,1,Single Cycle (5 seconds)
578,885549920,1,Multiple Cycles
579,251190910,1,Multiple Cycles
580,621525466,1,Single Cycle (5 seconds)
581,403940176,1,Single Cycle (5 seconds)
582,125399362,1,Single Cycle (5 seconds)
583,125399362,1,Extended Cycle (more than 5 seconds)
584,147966742,1,Single Cycle (5 seconds)
585,552509529,1,Single Cycle (5 seconds)
586,390377090,1,Multiple Cycles
587,621577017,1,Single Cycle (5 seconds)
588,508219935,1,Single Cycle (5 seconds)
589,149989437,1,Extended Cycle (more than 5 seconds)
590,449393130,1,Multiple Cycles
591,814152402,1,Single Cycle (5 seconds)
592,451882707,1,Single Cycle (5 seconds)
593,618540475,1,Single Cycle (5 seconds)
594,653661620,1,Single Cycle (5 seconds)
595,112699705,1,Multiple Cycles
596,598338723,1,Single Cycle (5 seconds)
597,803857510,1,Single Cycle (5 seconds)
598,351589316,1,Single Cycle (5 seconds)
599,147375837,1,Single Cycle (5 seconds)
600,183190053,1,Single Cycle (5 seconds)
601,882073133,1,Single Cycle (5 seconds)
602,223207730,1,Extended Cycle (more than 5 seconds)
603,932578677,1,Extended Cycle (more than 5 seconds)
604,179475040,1,Single Cycle (5 seconds)
605,142387795,1,Extended Cycle (more than 5 seconds)
606,136092890,1,Single Cycle (5 seconds)
607,950054152,1,Single Cycle (5 seconds)
608,116069305,1,Multiple Cycles
609,102516584,1,Single Cycle (5 seconds)
610,764322260,1,Single Cycle (5 seconds)
611,535391897,1,Multiple Cycles
612,769319463,1,Multiple Cycles
613,219930477,1,Single Cycle (5 seconds)
614,238666597,1,Single Cycle (5 seconds)
615,912844567,1,Single Cycle (5 seconds)
616,970744216,1,Multiple Cycles
617,283694051,1,Multiple Cycles
618,213076713,1,Single Cycle (5 seconds)
619,696164429,1,Single Cycle (5 seconds)
620,259959214,1,Single Cycle (5 seconds)
621,286600236,1,Single Cycle (5 seconds)
622,309773847,1,Single Cycle (5 seconds)
623,629666533,1,Single Cycle (5 seconds)
624,629666533,1,Extended Cycle (more than 5 seconds)
625,556622835,1,Single Cycle (5 seconds)
626,744784146,1,Single Cycle (5 seconds)
627,732734480,1,Extended Cycle (more than 5 seconds)
628,932872085,1,Extended Cycle (more than 5 seconds)
629,178305369,1,Multiple Cycles
630,870992763,1,Multiple Cycles
631,940131618,1,Single Cycle (5 seconds)
632,261101288,1,Single Cycle (5 seconds)
633,249767553,1,Single Cycle (5 seconds)
634,645220291,1,Multiple Cycles
635,856661941,1,Single Cycle (5 seconds)
636,478639861,1,Single Cycle (5 seconds)
637,939978528,1,Single Cycle (5 seconds)
638,845786383,1,Single Cycle (5 seconds)
639,870259932,1,Single Cycle (5 seconds)
640,421056337,1,Single Cycle (5 seconds)
641,671770689,1,Single Cycle (5 seconds)
642,471702659,1,Multiple Cycles
643,108401872,1,Single Cycle (5 seconds)
644,587933841,1,Single Cycle (5 seconds)
645,887610769,1,Single Cycle (5 seconds)
646,903315084,1,Single Cycle (5 seconds)
647,363750227,1,Multiple Cycles
648,230601021,1,Missing Data
649,391805929,1,Single Cycle (5 seconds)
650,105675318,1,Single Cycle (5 seconds)
651,564483332,1,Single Cycle (5 seconds)
652,691284884,1,Single Cycle (5 seconds)
653,159942553,1,Multiple Cycles
654,712078781,1,Single Cycle (5 seconds)
655,993329852,1,Single Cycle (5 seconds)
656,710101025,1,Single Cycle (5 seconds)
657,182264906,1,Single Cycle (5 seconds)
658,827359064,1,Single Cycle (5 seconds)
659,883726859,1,Extended Cycle (more than 5 seconds)
660,984794726,1,Single Cycle (5 seconds)
661,753573916,1,Single Cycle (5 seconds)
662,753573916,1,Multiple Cycles
663,391806168,1,Single Cycle (5 seconds)
664,982501120,1,Single Cycle (5 seconds)
665,181047585,1,Single Cycle (5 seconds)
666,602647684,1,Multiple Cycles
667,346507170,1,Single Cycle (5 seconds)
668,516425874,1,Single Cycle (5 seconds)
669,161446958,1,Single Cycle (5 seconds)
670,161446958,2,Single Cycle (5 seconds)
671,393096393,1,Single Cycle (5 seconds)
672,993197583,1,Extended Cycle (more than 5 seconds)
673,463063435,1,Single Cycle (5 seconds)
674,353387580,1,Single Cycle (5 seconds)
675,821784685,1,Multiple Cycles
676,560507447,1,Multiple Cycles
677,376100436,1,Multiple Cycles
678,372705805,1,Extended Cycle (more than 5 seconds)
679,430170046,1,Single Cycle (5 seconds)
680,356618206,1,Single Cycle (5 seconds)
681,102028325,1,Extended Cycle (more than 5 seconds)
682,803784832,1,Multiple Cycles
683,634078617,1,Extended Cycle (more than 5 seconds)
684,106283607,1,Single Cycle (5 seconds)
685,961721691,1,Single Cycle (5 seconds)
686,115059128,1,Multiple Cycles
687,911475457,1,Single Cycle (5 seconds)
688,530764572,1,Single Cycle (5 seconds)
689,330210991,1,Single Cycle (5 seconds)
690,515506335,1,Single Cycle (5 seconds)
691,293428219,1,Single Cycle (5 seconds)
692,168144248,1,Single Cycle (5 seconds)
693,692095969,1,Single Cycle (5 seconds)
694,404117478,1,Single Cycle (5 seconds)
695,561647618,1,Single Cycle (5 seconds)
696,303040519,1,Extended Cycle (more than 5 seconds)
697,889922610,1,Single Cycle (5 seconds)
698,879338023,1,Single Cycle (5 seconds)
699,101617664,1,Single Cycle (5 seconds)
700,791932015,1,Single Cycle (5 seconds)
701,773322227,1,Single Cycle (5 seconds)
702,104992499,1,Single Cycle (5 seconds)
703,768140942,1,Extended Cycle (more than 5 seconds)
704,358634742,1,Extended Cycle (more than 5 seconds)
705,491306771,1,Extended Cycle (more than 5 seconds)
706,561939752,1,Single Cycle (5 seconds)
707,597483676,1,Single Cycle (5 seconds)
708,296691838,1,Single Cycle (5 seconds)
709,421395918,1,Single Cycle (5 seconds)
710,872206193,1,Multiple Cycles
711,241918931,1,Extended Cycle (more than 5 seconds)
712,749292817,1,Extended Cycle (more than 5 seconds)
713,317979804,1,Extended Cycle (more than 5 seconds)
714,803137849,1,Single Cycle (5 seconds)
715,240534482,1,Single Cycle (5 seconds)
716,415269450,1,Single Cycle (5 seconds)
717,649406372,1,Single Cycle (5 seconds)
718,253572181,1,Extended Cycle (more than 5 seconds)
719,929399765,1,Single Cycle (5 seconds)
720,929399765,1,Extended Cycle (more than 5 seconds)
721,360654482,1,Single Cycle (5 seconds)
722,132661510,1,Single Cycle (5 seconds)
723,484497445,1,Single Cycle (5 seconds)
724,698205272,1,Single Cycle (5 seconds)
725,492233438,1,Single Cycle (5 seconds)
726,958463062,1,Single Cycle (5 seconds)
727,733851201,1,Single Cycle (5 seconds)
728,417936945,1,Single Cycle (5 seconds)
729,676119324,1,Single Cycle (5 seconds)
730,267527667,1,Multiple Cycles
731,776953188,1,Multiple Cycles
732,421781213,1,Single Cycle (5 seconds)
733,218598259,2,Single Cycle (5 seconds)
734,958058523,1,Single Cycle (5 seconds)
735,209111326,1,Multiple Cycles
736,162915718,1,Multiple Cycles
737,335105322,1,Single Cycle (5 seconds)
738,697411360,1,Single Cycle (5 seconds)
739,119492223,1,Single Cycle (5 seconds)
740,342254778,1,Single Cycle (5 seconds)
741,342254778,1,Extended Cycle (more than 5 seconds)
742,723474229,1,Single Cycle (5 seconds)
743,860941857,1,Single Cycle (5 seconds)
744,291024826,1,Single Cycle (5 seconds)
745,967129585,1,Single Cycle (5 seconds)
746,534415163,1,Extended Cycle (more than 5 seconds)
747,608854126,1,Single Cycle (5 seconds)
748,303334758,1,Single Cycle (5 seconds)
749,881339878,1,Single Cycle (5 seconds)
750,606644336,1,Single Cycle (5 seconds)
751,606644336,1,Extended Cycle (more than 5 seconds)
752,635340574,1,Single Cycle (5 seconds)
753,131306039,1,Single Cycle (5 seconds)
754,188137542,1,Extended Cycle (more than 5 seconds)
755,619500828,1,Multiple Cycles
756,322899895,1,Single Cycle (5 seconds)
757,411742919,1,Missing Data
758,411742919,1,Single Cycle (5 seconds)
759,857363705,1,Single Cycle (5 seconds)
760,850546631,1,Single Cycle (5 seconds)
761,822613488,1,Single Cycle (5 seconds)
762,804282535,1,Single Cycle (5 seconds)
763,462931023,1,Single Cycle (5 seconds)
764,195262506,1,Single Cycle (5 seconds)
765,259553158,1,Single Cycle (5 seconds)
766,571599805,1,Single Cycle (5 seconds)
767,942847964,1,Multiple Cycles
768,994682615,1,Single Cycle (5 seconds)
769,943141626,1,Single Cycle (5 seconds)
770,605205842,1,Single Cycle (5 seconds)
771,991784927,1,Single Cycle (5 seconds)
772,414054343,1,Single Cycle (5 seconds)
773,992857090,1,Single Cycle (5 seconds)
774,992857090,1,Multiple Cycles
775,477209896,1,Single Cycle (5 seconds)
776,802088886,1,Single Cycle (5 seconds)
777,443464516,1,Single Cycle (5 seconds)
778,266486655,1,Single Cycle (5 seconds)
779,516095469,1,Single Cycle (5 seconds)
780,644712713,1,Single Cycle (5 seconds)
781,920153161,1,Single Cycle (5 seconds)
782,130291726,1,Single Cycle (5 seconds)
783,848685671,1,Single Cycle (5 seconds)
784,193012767,1,Single Cycle (5 seconds)
785,928797852,1,Single Cycle (5 seconds)
786,932852842,1,Single Cycle (5 seconds)
787,546102739,1,Single Cycle (5 seconds)
788,223505660,1,Single Cycle (5 seconds)
789,345621104,1,Single Cycle (5 seconds)
790,497642030,1,Single Cycle (5 seconds)
791,553349942,1,Single Cycle (5 seconds)
792,149660673,1,Single Cycle (5 seconds)
793,990908055,1,Single Cycle (5 seconds)
794,486882244,1,Single Cycle (5 seconds)
795,200410837,1,Single Cycle (5 seconds)
796,419025693,1,Single Cycle (5 seconds)
797,125249077,1,Single Cycle (5 seconds)
798,707851845,1,Single Cycle (5 seconds)
799,473017914,1,Multiple Cycles
800,380094559,1,Single Cycle (5 seconds)
801,858130495,1,Single Cycle (5 seconds)
802,284697357,1,Single Cycle (5 seconds)
803,815122178,1,Extended Cycle (more than 5 seconds)
804,165080069,1,Extended Cycle (more than 5 seconds)
805,180735911,1,Single Cycle (5 seconds)
806,389110398,1,Single Cycle (5 seconds)
807,556364578,1,Single Cycle (5 seconds)
808,918085737,1,Single Cycle (5 seconds)
809,131091175,1,Multiple Cycles
810,793160289,1,Extended Cycle (more than 5 seconds)
811,509110781,1,Multiple Cycles
812,568872963,1,Single Cycle (5 seconds)
813,441730109,1,Multiple Cycles
814,555355614,1,Single Cycle (5 seconds)
815,228668739,1,Single Cycle (5 seconds)
816,425188188,1,Multiple Cycles
817,871152399,1,Single Cycle (5 seconds)
818,464463521,1,Single Cycle (5 seconds)
819,833103875,1,Multiple Cycles
820,904934461,1,Single Cycle (5 seconds)
821,904934461,1,Extended Cycle (more than 5 seconds)
822,936567676,1,Extended Cycle (more than 5 seconds)
823,988602281,1,Extended Cycle (more than 5 seconds)
824,883515432,1,Extended Cycle (more than 5 seconds)
825,186735739,1,Extended Cycle (more than 5 seconds)
826,336234272,1,Single Cycle (5 seconds)
827,482576574,1,Single Cycle (5 seconds)
828,737557426,1,Single Cycle (5 seconds)
829,318106486,1,Extended Cycle (more than 5 seconds)
830,649067399,1,Single Cycle (5 seconds)
831,749701102,1,Multiple Cycles
832,981087815,1,Extended Cycle (more than 5 seconds)
833,531584638,1,Multiple Cycles
834,687030098,1,Extended Cycle (more than 5 seconds)
835,476116391,1,Extended Cycle (more than 5 seconds)
836,785516073,1,Single Cycle (5 seconds)
837,556648974,1,Single Cycle (5 seconds)
838,728992443,1,Single Cycle (5 seconds)
839,425020301,1,Single Cycle (5 seconds)
840,964708659,1,Single Cycle (5 seconds)
841,162953056,1,Single Cycle (5 seconds)
842,900460817,1,Single Cycle (5 seconds)
843,771276106,1,Single Cycle (5 seconds)
844,379039472,1,Single Cycle (5 seconds)
845,824278427,1,Single Cycle (5 seconds)
846,740129514,1,Single Cycle (5 seconds)
847,796177779,1,Single Cycle (5 seconds)
848,454584053,1,Single Cycle (5 seconds)
849,357557583,1,Single Cycle (5 seconds)
850,357557583,1,Extended Cycle (more than 5 seconds)
851,327093553,1,Single Cycle (5 seconds)
852,355298846,1,Extended Cycle (more than 5 seconds)
853,601438020,1,Extended Cycle (more than 5 seconds)
854,410277588,1,Single Cycle (5 seconds)
855,284720258,1,Single Cycle (5 seconds)
856,656849458,1,Multiple Cycles
857,118556410,1,Extended Cycle (more than 5 seconds)
858,649125460,1,Single Cycle (5 seconds)
859,225785339,1,Single Cycle (5 seconds)
860,557250264,1,Single Cycle (5 seconds)
861,468596283,1,Multiple Cycles
862,476782354,1,Extended Cycle (more than 5 seconds)
863,240048358,1,Extended Cycle (more than 5 seconds)
864,644055120,1,Single Cycle (5 seconds)
865,627368622,1,Single Cycle (5 seconds)
866,627368622,1,Multiple Cycles
867,159707863,1,Single Cycle (5 seconds)
868,543876253,1,Multiple Cycles
869,945506979,1,Single Cycle (5 seconds)
870,765699567,1,Missing Data
871,865071135,1,Single Cycle (5 seconds)
872,807040374,1,Single Cycle (5 seconds)
873,132790476,1,Single Cycle (5 seconds)
874,840751916,1,Single Cycle (5 seconds)
875,526120856,1,Multiple Cycles
876,794307527,1,Single Cycle (5 seconds)
877,577862355,1,Single Cycle (5 seconds)
878,201744782,1,Single Cycle (5 seconds)
879,564254544,1,Single Cycle (5 seconds)
880,186199631,1,Multiple Cycles
881,884068832,1,Multiple Cycles
882,650479269,1,Single Cycle (5 seconds)
883,966380005,1,Single Cycle (5 seconds)
884,420216228,1,Single Cycle (5 seconds)
885,898936586,1,Multiple Cycles
886,747436774,1,Multiple Cycles
887,385053587,1,Single Cycle (5 seconds)
888,385053587,1,Multiple Cycles
889,676767863,1,Single Cycle (5 seconds)
890,385044850,1,Multiple Cycles
891,915080169,1,Single Cycle (5 seconds)
892,154189929,1,Single Cycle (5 seconds)
893,814592076,1,Single Cycle (5 seconds)
894,636050423,1,Single Cycle (5 seconds)
895,557984123,1,Single Cycle (5 seconds)
896,706784184,1,Single Cycle (5 seconds)
897,303884742,1,Single Cycle (5 seconds)
898,117563198,1,Extended Cycle (more than 5 seconds)
899,435476308,1,Extended Cycle (more than 5 seconds)
900,740324564,1,Single Cycle (5 seconds)
901,162647249,1,Multiple Cycles
902,674868018,1,Extended Cycle (more than 5 seconds)
903,170703819,1,Extended Cycle (more than 5 seconds)
904,576946643,1,Multiple Cycles
905,151065229,1,Multiple Cycles
906,741764682,1,Single Cycle (5 seconds)
907,556030548,1,Single Cycle (5 seconds)
908,196412672,1,Single Cycle (5 seconds)
909,624705982,1,Single Cycle (5 seconds)
910,268806066,1,Single Cycle (5 seconds)
911,633445315,1,Multiple Cycles
912,556066329,1,Multiple Cycles
913,593220948,1,Single Cycle (5 seconds)
914,616165974,1,Single Cycle (5 seconds)
915,286145865,1,Single Cycle (5 seconds)
916,357547811,1,Single Cycle (5 seconds)
917,184532622,1,Multiple Cycles
918,868227006,1,Missing Data
919,868227006,1,Single Cycle (5 seconds)
920,115577795,1,Single Cycle (5 seconds)
921,901379263,1,Extended Cycle (more than 5 seconds)
922,691960725,1,Multiple Cycles
923,808734721,1,Single Cycle (5 seconds)
924,940912398,1,Single Cycle (5 seconds)
925,781956677,1,Extended Cycle (more than 5 seconds)
926,516806967,1,Extended Cycle (more than 5 seconds)
927,631432731,1,Multiple Cycles
928,700179183,1,Multiple Cycles
929,632831039,1,Single Cycle (5 seconds)
930,514953286,1,Single Cycle (5 seconds)
931,926429057,1,Single Cycle (5 seconds)
932,200400858,1,Single Cycle (5 seconds)
933,957975832,1,Single Cycle (5 seconds)
934,249745516,1,Single Cycle (5 seconds)
935,695717422,1,Single Cycle (5 seconds)
936,740467097,1,Single Cycle (5 seconds)
937,174466754,1,Single Cycle (5 seconds)
938,955444469,1,Single Cycle (5 seconds)
939,296801463,1,Single Cycle (5 seconds)
940,296801463,1,Extended Cycle (more than 5 seconds)
941,683592702,1,Extended Cycle (more than 5 seconds)
942,600802438,1,Extended Cycle (more than 5 seconds)
943,617960433,1,Single Cycle (5 seconds)
944,667587175,1,Single Cycle (5 seconds)
945,335873097,1,Single Cycle (5 seconds)
946,335873097,1,Extended Cycle (more than 5 seconds)
947,445886428,1,Single Cycle (5 seconds)
948,821216019,1,Extended Cycle (more than 5 seconds)
949,711920008,1,Extended Cycle (more than 5 seconds)
950,690943108,1,Multiple Cycles
951,445611693,1,Multiple Cycles
952,640690857,1,Extended Cycle (more than 5 seconds)
953,923597871,1,Single Cycle (5 seconds)
954,761546457,1,Single Cycle (5 seconds)
955,643043362,1,Single Cycle (5 seconds)
956,341320716,1,Multiple Cycles
957,226617485,1,Single Cycle (5 seconds)
958,294249000,1,Extended Cycle (more than 5 seconds)
959,911085909,1,Single Cycle (5 seconds)
960,708204397,1,Single Cycle (5 seconds)
961,294222767,1,Extended Cycle (more than 5 seconds)
962,845325003,1,Single Cycle (5 seconds)
963,308992737,1,Single Cycle (5 seconds)
964,883544467,1,Extended Cycle (more than 5 seconds)
965,304192052,1,Multiple Cycles
966,776179820,1,Extended Cycle (more than 5 seconds)
967,858954820,1,Single Cycle (5 seconds)
968,858954820,1,Extended Cycle (more than 5 seconds)
969,142606958,1,Multiple Cycles
970,255899696,1,Single Cycle (5 seconds)
971,594137905,1,Single Cycle (5 seconds)
972,808541389,1,Extended Cycle (more than 5 seconds)
973,153908969,1,Single Cycle (5 seconds)
974,732157913,1,Multiple Cycles
975,479516742,1,Single Cycle (5 seconds)
976,919392107,1,Single Cycle (5 seconds)
977,524714587,1,Single Cycle (5 seconds)
978,412587687,1,Single Cycle (5 seconds)
979,684193581,1,Multiple Cycles
980,140790737,1,Single Cycle (5 seconds)
981,574224093,1,Single Cycle (5 seconds)
982,574224093,1,Extended Cycle (more than 5 seconds)
983,275213728,1,Single Cycle (5 seconds)
984,270774596,1,Single Cycle (5 seconds)
985,984922048,1,Missing Data
986,734571396,1,Single Cycle (5 seconds)
987,295087202,1,Single Cycle (5 seconds)
988,462726499,1,Single Cycle (5 seconds)
989,539691478,1,Single Cycle (5 seconds)
990,250005049,1,Single Cycle (5 seconds)
991,522248251,1,Single Cycle (5 seconds)
992,156310471,1,Single Cycle (5 seconds)
993,804978023,1,Single Cycle (5 seconds)
994,300081019,1,Extended Cycle (more than 5 seconds)
995,308175718,1,Single Cycle (5 seconds)
996,308175718,1,Extended Cycle (more than 5 seconds)
997,160839629,1,Single Cycle (5 seconds)
998,128256618,1,Single Cycle (5 seconds)
999,936473865,1,Single Cycle (5 seconds)
1000,540576586,1,Extended Cycle (more than 5 seconds)
1001,869933740,1,Single Cycle (5 seconds)
1002,366183970,1,Single Cycle (5 seconds)
1003,513531435,1,Single Cycle (5 seconds)
1004,653508923,1,Multiple Cycles
1005,561449437,1,Single Cycle (5 seconds)
1006,224393242,1,Single Cycle (5 seconds)
1007,900161783,1,Multiple Cycles
1008,128275591,1,Single Cycle (5 seconds)
1009,602908996,1,Single Cycle (5 seconds)
1010,911851037,1,Single Cycle (5 seconds)
1011,508401085,1,Single Cycle (5 seconds)
1012,577884673,1,Single Cycle (5 seconds)
1013,125985434,1,Single Cycle (5 seconds)
1014,971263069,1,Single Cycle (5 seconds)
1015,790314793,1,Single Cycle (5 seconds)
1016,458870539,1,Single Cycle (5 seconds)
1017,681860062,1,Single Cycle (5 seconds)
1018,207497742,1,Single Cycle (5 seconds)
1019,174839760,1,Single Cycle (5 seconds)
1020,709859091,1,Single Cycle (5 seconds)
1021,664355917,1,Multiple Cycles
1022,465396637,1,Single Cycle (5 seconds)
1023,465396637,1,Extended Cycle (more than 5 seconds)
1024,875009220,1,Single Cycle (5 seconds)
1025,258919803,1,Single Cycle (5 seconds)
1026,650034156,1,Single Cycle (5 seconds)
1027,988126291,1,Single Cycle (5 seconds)
1028,637626354,1,Single Cycle (5 seconds)
1029,526576606,1,Single Cycle (5 seconds)
1030,910589563,1,Single Cycle (5 seconds)
1031,314459887,1,Multiple Cycles
1032,341573755,1,Single Cycle (5 seconds)
1033,530657599,1,Single Cycle (5 seconds)
1034,946960444,1,Single Cycle (5 seconds)
1035,946960444,1,Extended Cycle (more than 5 seconds)
1036,713524016,1,Single Cycle (5 seconds)
1037,713524016,1,Extended Cycle (more than 5 seconds)
1038,548428028,1,Multiple Cycles
1039,198138963,2,Single Cycle (5 seconds)
1040,803535441,1,Multiple Cycles
1041,661959129,1,Single Cycle (5 seconds)
1042,293097903,1,Single Cycle (5 seconds)
1043,961282902,1,Single Cycle (5 seconds)
1044,848141237,1,Single Cycle (5 seconds)
1045,128604702,1,Multiple Cycles
1046,677260349,1,Single Cycle (5 seconds)
1047,527978045,1,Single Cycle (5 seconds)
1048,966718697,1,Single Cycle (5 seconds)
1049,873419703,1,Single Cycle (5 seconds)
1050,990607940,1,Single Cycle (5 seconds)
1051,854776843,1,Single Cycle (5 seconds)
1052,639650330,1,Multiple Cycles
1053,639650330,2,Missing Data
1054,639650330,2,Single Cycle (5 seconds)
1055,242783503,1,Multiple Cycles
1056,513873055,1,Missing Data
1057,659224172,1,Single Cycle (5 seconds)
1058,148985692,1,Single Cycle (5 seconds)
1059,340162516,1,Single Cycle (5 seconds)
1060,241871550,1,Multiple Cycles
1061,941749072,1,Single Cycle (5 seconds)
1062,292485636,1,Multiple Cycles
1063,227218723,1,Single Cycle (5 seconds)
1064,872609963,1,Single Cycle (5 seconds)
1065,805582008,1,Single Cycle (5 seconds)
1066,369078244,1,Single Cycle (5 seconds)
1067,491116648,1,Multiple Cycles
1068,322003856,1,Single Cycle (5 seconds)
1069,614938513,1,Single Cycle (5 seconds)
1070,408609568,1,Single Cycle (5 seconds)
1071,603140453,1,Multiple Cycles
1072,196837455,1,Multiple Cycles
1073,980827246,1,Single Cycle (5 seconds)
1074,604723365,1,Single Cycle (5 seconds)
1075,256067980,1,Single Cycle (5 seconds)
1076,961757054,1,Extended Cycle (more than 5 seconds)
1077,386798774,1,Single Cycle (5 seconds)
1078,137285979,1,Single Cycle (5 seconds)
1079,344627349,1,Multiple Cycles
1080,966614069,1,Multiple Cycles
1081,303559451,1,Single Cycle (5 seconds)
1082,406183685,1,Single Cycle (5 seconds)
1083,905956185,1,Single Cycle (5 seconds)
1084,114503849,1,Single Cycle (5 seconds)
1085,106420562,1,Single Cycle (5 seconds)
1086,659636485,1,Extended Cycle (more than 5 seconds)
1087,849697674,1,Extended Cycle (more than 5 seconds)
1088,771600403,1,Single Cycle (5 seconds)
1089,483925571,1,Single Cycle (5 seconds)
1090,443149534,1,Single Cycle (5 seconds)
1091,353290678,1,Single Cycle (5 seconds)
1092,802149025,1,Single Cycle (5 seconds)
1093,763723398,1,Single Cycle (5 seconds)
1094,786216349,1,Single Cycle (5 seconds)
1095,886675745,1,Single Cycle (5 seconds)
1096,858345514,1,Single Cycle (5 seconds)
1097,594902108,1,Single Cycle (5 seconds)
1098,216710651,1,Single Cycle (5 seconds)
1099,489878750,1,Extended Cycle (more than 5 seconds)
1100,820925341,1,Single Cycle (5 seconds)
1101,776245614,1,Extended Cycle (more than 5 seconds)
1102,997330859,1,Extended Cycle (more than 5 seconds)
1103,509580459,1,Multiple Cycles
1104,520849133,1,Multiple Cycles
1105,392375752,1,Single Cycle (5 seconds)
1106,392375752,1,Multiple Cycles
1107,287858503,1,Multiple Cycles
1108,579159164,1,Single Cycle (5 seconds)
1109,220463075,1,Multiple Cycles
1110,565731477,1,Extended Cycle (more than 5 seconds)
1111,517777977,1,Single Cycle (5 seconds)
1112,431083786,1,Single Cycle (5 seconds)
1113,279500317,1,Single Cycle (5 seconds)
1114,184811661,1,Extended Cycle (more than 5 seconds)
1115,882010435,1,Single Cycle (5 seconds)
1116,965256803,1,Single Cycle (5 seconds)
1117,825826531,1,Single Cycle (5 seconds)
1118,539737795,1,Single Cycle (5 seconds)
1119,835911241,1,Single Cycle (5 seconds)
1120,450779151,1,Extended Cycle (more than 5 seconds)
1121,435518917,1,Multiple Cycles
1122,679270344,1,Single Cycle (5 seconds)
1123,558389689,1,Single Cycle (5 seconds)
1124,433747459,1,Single Cycle (5 seconds)
1125,205544864,1,Single Cycle (5 seconds)
1126,854695238,1,Extended Cycle (more than 5 seconds)
1127,365091421,1,Single Cycle (5 seconds)
1128,983972724,1,Multiple Cycles
1129,188822598,1,Multiple Cycles
1130,251522518,1,Extended Cycle (more than 5 seconds)
1131,537540240,1,Single Cycle (5 seconds)
1132,537540240,1,Multiple Cycles
1133,528671607,1,Single Cycle (5 seconds)
1134,502400513,1,Single Cycle (5 seconds)
1135,674452469,1,Single Cycle (5 seconds)
1136,139410989,1,Single Cycle (5 seconds)
